-- MySQL dump 10.14  Distrib 5.5.52-MariaDB, for Linux (x86_64)
--
-- Host: localhost    Database: troyhsco_sweettime
-- ------------------------------------------------------
-- Server version	5.5.52-MariaDB

/*!40101 SET @OLD_CHARACTER_SET_CLIENT=@@CHARACTER_SET_CLIENT */;
/*!40101 SET @OLD_CHARACTER_SET_RESULTS=@@CHARACTER_SET_RESULTS */;
/*!40101 SET @OLD_COLLATION_CONNECTION=@@COLLATION_CONNECTION */;
/*!40101 SET NAMES utf8 */;
/*!40103 SET @OLD_TIME_ZONE=@@TIME_ZONE */;
/*!40103 SET TIME_ZONE='+00:00' */;
/*!40014 SET @OLD_UNIQUE_CHECKS=@@UNIQUE_CHECKS, UNIQUE_CHECKS=0 */;
/*!40014 SET @OLD_FOREIGN_KEY_CHECKS=@@FOREIGN_KEY_CHECKS, FOREIGN_KEY_CHECKS=0 */;
/*!40101 SET @OLD_SQL_MODE=@@SQL_MODE, SQL_MODE='NO_AUTO_VALUE_ON_ZERO' */;
/*!40111 SET @OLD_SQL_NOTES=@@SQL_NOTES, SQL_NOTES=0 */;

--
-- Table structure for table `employees`
--

DROP TABLE IF EXISTS `employees`;
/*!40101 SET @saved_cs_client     = @@character_set_client */;
/*!40101 SET character_set_client = utf8 */;
CREATE TABLE `employees` (
  `ID` mediumint(9) NOT NULL AUTO_INCREMENT,
  `firstName` varchar(20) DEFAULT NULL,
  `lastName` varchar(20) DEFAULT NULL,
  `eMail` varchar(35) DEFAULT NULL,
  `employeeTitle` varchar(20) DEFAULT NULL,
  `password` varchar(255) DEFAULT NULL,
  `adminFlag` enum('Yes','No') DEFAULT NULL,
  `rate` decimal(6,2) DEFAULT NULL,
  PRIMARY KEY (`ID`)
) ENGINE=InnoDB AUTO_INCREMENT=9 DEFAULT CHARSET=latin1;
/*!40101 SET character_set_client = @saved_cs_client */;

--
-- Dumping data for table `employees`
--

LOCK TABLES `employees` WRITE;
/*!40000 ALTER TABLE `employees` DISABLE KEYS */;
INSERT INTO `employees` (`ID`, `firstName`, `lastName`, `eMail`, `employeeTitle`, `password`, `adminFlag`, `rate`) VALUES (7,'Sam','Sample','employee@gmail.com','Tax Preparer','$2y$10$n0WFcYzl/g1hEtLeY2E2Dum6tNt3M/OVyrWkalOJLmc2WhHpM4I7S','No',17.00),(8,'Troy','Scott','administrator@gmail.com','Developer','$2y$10$uKWQZl8TJOeYo67LShWveOoqiL/4bntgv0/o7Alaa1QXyna2Yv6RK','Yes',17.00);
/*!40000 ALTER TABLE `employees` ENABLE KEYS */;
UNLOCK TABLES;

--
-- Table structure for table `timecards`
--

DROP TABLE IF EXISTS `timecards`;
/*!40101 SET @saved_cs_client     = @@character_set_client */;
/*!40101 SET character_set_client = utf8 */;
CREATE TABLE `timecards` (
  `ID` mediumint(9) NOT NULL AUTO_INCREMENT,
  `payPeriodStart` date DEFAULT NULL,
  `payPeriodEnd` date DEFAULT NULL,
  `subTotalRegWk1Tax` decimal(4,2) DEFAULT NULL,
  `subTotalRegWk1Edu` decimal(4,2) DEFAULT NULL,
  `subTotalOTWk1Tax` decimal(4,2) DEFAULT NULL,
  `subTotalOTWk1Edu` decimal(4,2) DEFAULT NULL,
  `subTotalRegWk2Tax` decimal(4,2) DEFAULT NULL,
  `subTotalRegWk2Edu` decimal(4,2) DEFAULT NULL,
  `subTotalOTWk2Tax` decimal(4,2) DEFAULT NULL,
  `subTotalOTWk2Edu` decimal(4,2) DEFAULT NULL,
  `twoWeekTotalRegTax` decimal(4,2) DEFAULT NULL,
  `twoWeekTotalRegEdu` decimal(4,2) DEFAULT NULL,
  `twoWeekTotalOTTax` decimal(4,2) DEFAULT NULL,
  `twoWeekTotalOTEdu` decimal(4,2) DEFAULT NULL,
  `twoWeekTotalComb` decimal(5,2) DEFAULT NULL,
  `employeeId` mediumint(9) DEFAULT NULL,
  `payRate` decimal(6,2) DEFAULT NULL,
  PRIMARY KEY (`ID`)
) ENGINE=InnoDB AUTO_INCREMENT=12 DEFAULT CHARSET=latin1;
/*!40101 SET character_set_client = @saved_cs_client */;

--
-- Dumping data for table `timecards`
--

LOCK TABLES `timecards` WRITE;
/*!40000 ALTER TABLE `timecards` DISABLE KEYS */;
INSERT INTO `timecards` (`ID`, `payPeriodStart`, `payPeriodEnd`, `subTotalRegWk1Tax`, `subTotalRegWk1Edu`, `subTotalOTWk1Tax`, `subTotalOTWk1Edu`, `subTotalRegWk2Tax`, `subTotalRegWk2Edu`, `subTotalOTWk2Tax`, `subTotalOTWk2Edu`, `twoWeekTotalRegTax`, `twoWeekTotalRegEdu`, `twoWeekTotalOTTax`, `twoWeekTotalOTEdu`, `twoWeekTotalComb`, `employeeId`, `payRate`) VALUES (4,'2016-10-01',NULL,40.00,0.00,4.25,0.00,0.00,0.00,0.00,0.00,40.00,0.00,4.25,0.00,44.25,2,45.00),(7,'2016-10-15',NULL,0.00,8.00,0.00,0.00,0.00,0.00,0.00,0.00,0.00,8.00,0.00,0.00,8.00,2,45.00),(8,'2016-10-29',NULL,19.00,0.00,0.00,0.00,0.00,0.00,0.00,0.00,19.00,0.00,0.00,0.00,19.00,2,45.00),(9,'2016-10-01',NULL,24.75,5.25,0.00,0.00,37.00,3.00,0.00,5.75,61.75,8.25,0.00,5.75,75.75,7,17.00),(10,'2016-10-15',NULL,20.25,8.00,0.00,0.00,0.00,0.00,0.00,0.00,20.25,8.00,0.00,0.00,28.25,7,17.00),(11,'2016-10-29',NULL,NULL,NULL,NULL,NULL,NULL,NULL,NULL,NULL,NULL,NULL,NULL,NULL,NULL,7,17.00);
/*!40000 ALTER TABLE `timecards` ENABLE KEYS */;
UNLOCK TABLES;

--
-- Table structure for table `timerecords`
--

DROP TABLE IF EXISTS `timerecords`;
/*!40101 SET @saved_cs_client     = @@character_set_client */;
/*!40101 SET character_set_client = utf8 */;
CREATE TABLE `timerecords` (
  `ID` mediumint(9) NOT NULL AUTO_INCREMENT,
  `date` date DEFAULT NULL,
  `timeInAM` time DEFAULT NULL,
  `timeOutAM` time DEFAULT NULL,
  `timeInPM` time DEFAULT NULL,
  `timeOUtPM` time DEFAULT NULL,
  `hrsAM` decimal(4,2) DEFAULT NULL,
  `hrsPM` decimal(4,2) DEFAULT NULL,
  `notes` text,
  `workType` enum('Tax','Edu') DEFAULT NULL,
  `payRate` decimal(6,2) DEFAULT NULL,
  `hrsTax` decimal(4,2) DEFAULT NULL,
  `hrsEdu` decimal(4,2) DEFAULT NULL,
  `timecardId` mediumint(9) DEFAULT NULL,
  PRIMARY KEY (`ID`)
) ENGINE=InnoDB AUTO_INCREMENT=155 DEFAULT CHARSET=latin1;
/*!40101 SET character_set_client = @saved_cs_client */;

--
-- Dumping data for table `timerecords`
--

LOCK TABLES `timerecords` WRITE;
/*!40000 ALTER TABLE `timerecords` DISABLE KEYS */;
INSERT INTO `timerecords` (`ID`, `date`, `timeInAM`, `timeOutAM`, `timeInPM`, `timeOUtPM`, `hrsAM`, `hrsPM`, `notes`, `workType`, `payRate`, `hrsTax`, `hrsEdu`, `timecardId`) VALUES (43,'2016-10-01','08:00:00','11:45:00','13:00:00','18:00:00',3.75,5.00,'Tax prep for Smith','Tax',NULL,8.75,0.00,4),(44,'2016-10-02','08:00:00','12:00:00','13:00:00','18:00:00',4.00,5.00,'','Tax',NULL,9.00,0.00,4),(45,'2016-10-03','08:00:00','12:00:00','13:00:00','18:00:00',4.00,5.00,'','Tax',NULL,9.00,0.00,4),(46,'2016-10-04','08:00:00','12:00:00','12:30:00','17:30:00',4.00,5.00,'','Tax',NULL,9.00,0.00,4),(47,'2016-10-05','07:45:00','11:30:00','12:15:00','17:00:00',3.75,4.75,'','Tax',NULL,8.50,0.00,4),(48,'2016-10-06',NULL,NULL,NULL,NULL,NULL,NULL,'','Tax',NULL,NULL,NULL,4),(49,'2016-10-07',NULL,NULL,NULL,NULL,NULL,NULL,'','Tax',NULL,NULL,NULL,4),(50,'2016-10-08',NULL,NULL,NULL,NULL,NULL,NULL,'','Tax',NULL,NULL,NULL,4),(51,'2016-10-09',NULL,NULL,NULL,NULL,NULL,NULL,'','Tax',NULL,NULL,NULL,4),(52,'2016-10-10',NULL,NULL,NULL,NULL,NULL,NULL,'','Tax',NULL,NULL,NULL,4),(53,'2016-10-11',NULL,NULL,NULL,NULL,NULL,NULL,'','Tax',NULL,NULL,NULL,4),(54,'2016-10-12',NULL,NULL,NULL,NULL,NULL,NULL,'','Tax',NULL,NULL,NULL,4),(55,'2016-10-13',NULL,NULL,NULL,NULL,NULL,NULL,'','Tax',NULL,NULL,NULL,4),(56,'2016-10-14',NULL,NULL,NULL,NULL,NULL,NULL,'','Tax',NULL,NULL,NULL,4),(85,'2016-10-15','07:45:00','11:45:00',NULL,NULL,4.00,NULL,'','Edu',NULL,0.00,4.00,7),(86,'2016-10-16','07:00:00','11:00:00',NULL,NULL,4.00,NULL,'','Edu',NULL,0.00,4.00,7),(87,'2016-10-17',NULL,NULL,NULL,NULL,NULL,NULL,'','Tax',NULL,NULL,NULL,7),(88,'2016-10-18',NULL,NULL,NULL,NULL,NULL,NULL,'','Tax',NULL,NULL,NULL,7),(89,'2016-10-19',NULL,NULL,NULL,NULL,NULL,NULL,'','Tax',NULL,NULL,NULL,7),(90,'2016-10-20',NULL,NULL,NULL,NULL,NULL,NULL,'','Tax',NULL,NULL,NULL,7),(91,'2016-10-21',NULL,NULL,NULL,NULL,NULL,NULL,'','Tax',NULL,NULL,NULL,7),(92,'2016-10-22',NULL,NULL,NULL,NULL,NULL,NULL,'','Tax',NULL,NULL,NULL,7),(93,'2016-10-23',NULL,NULL,NULL,NULL,NULL,NULL,'','Tax',NULL,NULL,NULL,7),(94,'2016-10-24',NULL,NULL,NULL,NULL,NULL,NULL,'','Tax',NULL,NULL,NULL,7),(95,'2016-10-25',NULL,NULL,NULL,NULL,NULL,NULL,'','Tax',NULL,NULL,NULL,7),(96,'2016-10-26',NULL,NULL,NULL,NULL,NULL,NULL,'','Tax',NULL,NULL,NULL,7),(97,'2016-10-27',NULL,NULL,NULL,NULL,NULL,NULL,'','Tax',NULL,NULL,NULL,7),(98,'2016-10-28',NULL,NULL,NULL,NULL,NULL,NULL,'','Tax',NULL,NULL,NULL,7),(99,'2016-10-29','06:00:00','12:00:00',NULL,NULL,6.00,NULL,'','Tax',NULL,6.00,0.00,8),(100,'2016-10-30','06:00:00','12:00:00',NULL,NULL,6.00,NULL,'','Tax',NULL,6.00,0.00,8),(101,'2016-10-31','06:00:00','13:00:00',NULL,NULL,7.00,NULL,'','Tax',NULL,7.00,0.00,8),(102,'2016-11-01',NULL,NULL,NULL,NULL,NULL,NULL,'','Tax',NULL,NULL,NULL,8),(103,'2016-11-02',NULL,NULL,NULL,NULL,NULL,NULL,'','Tax',NULL,NULL,NULL,8),(104,'2016-11-03',NULL,NULL,NULL,NULL,NULL,NULL,'','Tax',NULL,NULL,NULL,8),(105,'2016-11-04',NULL,NULL,NULL,NULL,NULL,NULL,'','Tax',NULL,NULL,NULL,8),(106,'2016-11-05',NULL,NULL,NULL,NULL,NULL,NULL,'','Tax',NULL,NULL,NULL,8),(107,'2016-11-06',NULL,NULL,NULL,NULL,NULL,NULL,'','Tax',NULL,NULL,NULL,8),(108,'2016-11-07',NULL,NULL,NULL,NULL,NULL,NULL,'','Tax',NULL,NULL,NULL,8),(109,'2016-11-08',NULL,NULL,NULL,NULL,NULL,NULL,'','Tax',NULL,NULL,NULL,8),(110,'2016-11-09',NULL,NULL,NULL,NULL,NULL,NULL,'','Tax',NULL,NULL,NULL,8),(111,'2016-11-10',NULL,NULL,NULL,NULL,NULL,NULL,'','Tax',NULL,NULL,NULL,8),(112,'2016-11-11',NULL,NULL,NULL,NULL,NULL,NULL,'','Tax',NULL,NULL,NULL,8),(113,'2016-10-01',NULL,NULL,NULL,NULL,NULL,NULL,'','Tax',NULL,NULL,NULL,9),(114,'2016-10-02',NULL,NULL,NULL,NULL,NULL,NULL,'','Tax',NULL,NULL,NULL,9),(115,'2016-10-03','08:15:00','11:30:00','12:30:00','15:15:00',3.25,2.75,'Twain','Tax',NULL,6.00,0.00,9),(116,'2016-10-04','07:30:00','11:00:00','12:00:00','16:45:00',3.50,4.75,'Fitzgerald','Tax',NULL,8.25,0.00,9),(117,'2016-10-05','08:30:00','11:45:00','13:00:00','17:15:00',3.25,4.25,'Hemingway','Tax',NULL,7.50,0.00,9),(118,'2016-10-06','09:00:00','12:00:00',NULL,NULL,3.00,NULL,'Steinbeck','Tax',NULL,3.00,0.00,9),(119,'2016-10-07',NULL,NULL,'13:00:00','18:15:00',NULL,5.25,'JLS research','Edu',NULL,0.00,5.25,9),(120,'2016-10-08',NULL,NULL,NULL,NULL,NULL,NULL,'','Tax',NULL,NULL,NULL,9),(121,'2016-10-09',NULL,NULL,NULL,NULL,NULL,NULL,'','Tax',NULL,NULL,NULL,9),(122,'2016-10-10','09:00:00','11:45:00','13:00:00','18:15:00',2.75,5.25,'Hawthorne','Tax',NULL,8.00,0.00,9),(123,'2016-10-11','08:45:00','12:15:00','13:00:00','19:00:00',3.50,6.00,'Poe','Tax',NULL,9.50,0.00,9),(124,'2016-10-12','06:00:00','11:00:00','12:00:00','17:15:00',5.00,5.25,'London','Tax',NULL,10.25,0.00,9),(125,'2016-10-13','07:00:00','12:00:00','12:30:00','16:45:00',5.00,4.25,'Vonnegut','Tax',NULL,9.25,0.00,9),(126,'2016-10-14','08:00:00','11:30:00','12:15:00','17:30:00',3.50,5.25,'Re/MAX worksheets','Edu',NULL,0.00,8.75,9),(127,'2016-10-15',NULL,NULL,NULL,NULL,NULL,NULL,'','Tax',NULL,NULL,NULL,10),(128,'2016-10-16',NULL,NULL,NULL,NULL,NULL,NULL,'','Tax',NULL,NULL,NULL,10),(129,'2016-10-17','08:00:00','11:45:00','13:00:00','17:00:00',3.75,4.00,'Updike','Tax',NULL,7.75,0.00,10),(130,'2016-10-18','07:30:00','11:45:00',NULL,NULL,4.25,NULL,'Lewis','Edu',NULL,0.00,4.25,10),(131,'2016-10-19',NULL,NULL,'13:00:00','17:30:00',NULL,4.50,'McCarthy','Tax',NULL,4.50,0.00,10),(132,'2016-10-20','08:00:00','12:00:00','13:00:00','17:00:00',4.00,4.00,'Ellison','Tax',NULL,8.00,0.00,10),(133,'2016-10-21',NULL,NULL,'13:00:00','16:45:00',NULL,3.75,'Capote','Edu',NULL,0.00,3.75,10),(134,'2016-10-22',NULL,NULL,NULL,NULL,NULL,NULL,'','Tax',NULL,NULL,NULL,10),(135,'2016-10-23',NULL,NULL,NULL,NULL,NULL,NULL,'','Tax',NULL,NULL,NULL,10),(136,'2016-10-24',NULL,NULL,NULL,NULL,NULL,NULL,'','Tax',NULL,NULL,NULL,10),(137,'2016-10-25',NULL,NULL,NULL,NULL,NULL,NULL,'','Tax',NULL,NULL,NULL,10),(138,'2016-10-26',NULL,NULL,NULL,NULL,NULL,NULL,'','Tax',NULL,NULL,NULL,10),(139,'2016-10-27',NULL,NULL,NULL,NULL,NULL,NULL,'','Tax',NULL,NULL,NULL,10),(140,'2016-10-28',NULL,NULL,NULL,NULL,NULL,NULL,'','Tax',NULL,NULL,NULL,10),(141,'2016-10-29',NULL,NULL,NULL,NULL,NULL,NULL,NULL,NULL,NULL,NULL,NULL,11),(142,'2016-10-30',NULL,NULL,NULL,NULL,NULL,NULL,NULL,NULL,NULL,NULL,NULL,11),(143,'2016-10-31',NULL,NULL,NULL,NULL,NULL,NULL,NULL,NULL,NULL,NULL,NULL,11),(144,'2016-11-01',NULL,NULL,NULL,NULL,NULL,NULL,NULL,NULL,NULL,NULL,NULL,11),(145,'2016-11-02',NULL,NULL,NULL,NULL,NULL,NULL,NULL,NULL,NULL,NULL,NULL,11),(146,'2016-11-03',NULL,NULL,NULL,NULL,NULL,NULL,NULL,NULL,NULL,NULL,NULL,11),(147,'2016-11-04',NULL,NULL,NULL,NULL,NULL,NULL,NULL,NULL,NULL,NULL,NULL,11),(148,'2016-11-05',NULL,NULL,NULL,NULL,NULL,NULL,NULL,NULL,NULL,NULL,NULL,11),(149,'2016-11-06',NULL,NULL,NULL,NULL,NULL,NULL,NULL,NULL,NULL,NULL,NULL,11),(150,'2016-11-07',NULL,NULL,NULL,NULL,NULL,NULL,NULL,NULL,NULL,NULL,NULL,11),(151,'2016-11-08',NULL,NULL,NULL,NULL,NULL,NULL,NULL,NULL,NULL,NULL,NULL,11),(152,'2016-11-09',NULL,NULL,NULL,NULL,NULL,NULL,NULL,NULL,NULL,NULL,NULL,11),(153,'2016-11-10',NULL,NULL,NULL,NULL,NULL,NULL,NULL,NULL,NULL,NULL,NULL,11),(154,'2016-11-11',NULL,NULL,NULL,NULL,NULL,NULL,NULL,NULL,NULL,NULL,NULL,11);
/*!40000 ALTER TABLE `timerecords` ENABLE KEYS */;
UNLOCK TABLES;

--
-- Dumping events for database 'troyhsco_sweettime'
--

--
-- Dumping routines for database 'troyhsco_sweettime'
--
/*!40103 SET TIME_ZONE=@OLD_TIME_ZONE */;

/*!40101 SET SQL_MODE=@OLD_SQL_MODE */;
/*!40014 SET FOREIGN_KEY_CHECKS=@OLD_FOREIGN_KEY_CHECKS */;
/*!40014 SET UNIQUE_CHECKS=@OLD_UNIQUE_CHECKS */;
/*!40101 SET CHARACTER_SET_CLIENT=@OLD_CHARACTER_SET_CLIENT */;
/*!40101 SET CHARACTER_SET_RESULTS=@OLD_CHARACTER_SET_RESULTS */;
/*!40101 SET COLLATION_CONNECTION=@OLD_COLLATION_CONNECTION */;
/*!40111 SET SQL_NOTES=@OLD_SQL_NOTES */;

-- Dump completed on 2016-10-10 17:34:49
